,Item,Score,Target,accountAssignmentElement.prefLabel,administrativeClassification.prefLabel,budgetPhase.prefLabel,businessArea.prefLabel,currency.currency,economicClassification.prefLabel,fiscalYear.prefLabel,functionalClassification.prefLabel,operationCharacter.prefLabel,organization.organization,profitCenter.prefLabel
0,75,13.836251173,-1094.4,40-32 Medienzentrum,Schulamt,Approved,Schulamt,http://data.openbudgets.eu/codelist/currency/EUR,Zuf. zu Pensionsrückst. f. Beamte,2021,PB03 SchultrĂ¤geraufgaben,Expenditure,http://dbpedia.org/resource/Bonn,Amt 40 TE-übergr.
1,4,13.57257978073,521.52,Rheinschule,Schulamt,Approved,Schulamt,http://data.openbudgets.eu/codelist/currency/EUR,Beihilfen,2020,FĂśrderschulen,Expenditure,http://dbpedia.org/resource/Bonn,Förderschulen
2,5,176.05045961731,-137.52,40-32 Medienzentrum,Schulamt,Approved,Schulamt,http://data.openbudgets.eu/codelist/currency/EUR,Beihilfen,2020,PB03 SchultrĂ¤geraufgaben,Expenditure,http://dbpedia.org/resource/Bonn,Amt 40 TE-übergr.
3,6,139.69159944355,359.4,Siebengebirgsschule,Schulamt,Approved,Schulamt,http://data.openbudgets.eu/codelist/currency/EUR,Beihilfen,2020,FĂśrderschulen,Expenditure,http://dbpedia.org/resource/Bonn,Förderschulen
4,97,513.733422134939,200,Mitarbeiter Ausstellungstechnik,Stadtmuseum,Approved,Stadtmuseum,http://data.openbudgets.eu/codelist/currency/EUR,Reisekosten,2020,Stadtmuseum,Expenditure,http://dbpedia.org/resource/Bonn,Stadtmuseum
5,91,556.131591442133,120,Mitarbeiter Ausstellungstechnik,Stadtmuseum,Approved,Stadtmuseum,http://data.openbudgets.eu/codelist/currency/EUR,Telekommunikationsleistungen,2020,Stadtmuseum,Expenditure,http://dbpedia.org/resource/Bonn,Stadtmuseum
6,3,60.34345151451,11.92,Archiv / Bibliothek / Dokumentation,Stadtarchiv und Stadthistorische Bibliothek,Approved,Stadtarchiv,http://data.openbudgets.eu/codelist/currency/EUR,Pauschalierte Lohnsteuer,2020,Stadtarchiv,Expenditure,http://dbpedia.org/resource/Bonn,Stadtarchiv
7,72,4.09919774015468,23727.7,Archiv / Öffentlichkeitsarbeit 1,Stadtarchiv und Stadthistorische Bibliothek,Approved,Stadtarchiv,http://data.openbudgets.eu/codelist/currency/EUR,Bezüge der Beamten,2020,Stadtarchiv,Expenditure,http://dbpedia.org/resource/Bonn,Stadtarchiv
8,85,3.27581057182164,9601.83,Archiv / Öffentlichkeitsarbeit 1,Stadtarchiv und Stadthistorische Bibliothek,Approved,Stadtarchiv,http://data.openbudgets.eu/codelist/currency/EUR,Beitr. Z. gesetzl.SV f. tarifl. Beschäf.,2021,Stadtarchiv,Expenditure,http://dbpedia.org/resource/Bonn,Stadtarchiv
9,79,2.51406469726156,264.06,Archiv / Öffentlichkeitsarbeit 1,Stadtarchiv und Stadthistorische Bibliothek,Approved,Stadtarchiv,http://data.openbudgets.eu/codelist/currency/EUR,Pauschalierte Lohnsteuer,2020,Stadtarchiv,Expenditure,http://dbpedia.org/resource/Bonn,Stadtarchiv
10,1,2.41086744516405,6389.51,Endgerätebetreuung,IT-Betrieb,Approved,IT-Betrieb,http://data.openbudgets.eu/codelist/currency/EUR,Beitr. Versorg.kassen f. tarifl. Besch.,2020,IT-Betrieb,Expenditure,http://dbpedia.org/resource/Bonn,IT-Betrieb
11,11,2.38284058563425,6322.61,Archiv / Bibliothek / Dokumentation,Stadtarchiv und Stadthistorische Bibliothek,Approved,Stadtarchiv,http://data.openbudgets.eu/codelist/currency/EUR,Beitr. Z. gesetzl.SV f. tarifl. Beschäf.,2020,Stadtarchiv,Expenditure,http://dbpedia.org/resource/Bonn,Stadtarchiv
12,66,2.24820729724263,49458.6,Archiv / Öffentlichkeitsarbeit 1,Stadtarchiv und Stadthistorische Bibliothek,Approved,Stadtarchiv,http://data.openbudgets.eu/codelist/currency/EUR,Vergütungen der tariflich Beschäftigten,2020,Stadtarchiv,Expenditure,http://dbpedia.org/resource/Bonn,Stadtarchiv
13,87,2.18035977089188,4055.52,GGS Carl-Schurz-Schule,Schulamt,Approved,Schulamt,http://data.openbudgets.eu/codelist/currency/EUR,Zuf. zu Pensionsrückst. f. Beamte,2020,Grundschulen,Expenditure,http://dbpedia.org/resource/Bonn,Grundschulen
14,53,2.12679123563508,42430.4,Archiv / Öffentlichkeitsarbeit 2,Stadtarchiv und Stadthistorische Bibliothek,Approved,Stadtarchiv,http://data.openbudgets.eu/codelist/currency/EUR,Bezüge der Beamten,2020,Stadtarchiv,Expenditure,http://dbpedia.org/resource/Bonn,Stadtarchiv
15,23,2.10437430161178,31442.1,Archiv / Bibliothek / Dokumentation,Stadtarchiv und Stadthistorische Bibliothek,Approved,Stadtarchiv,http://data.openbudgets.eu/codelist/currency/EUR,Vergütungen der tariflich Beschäftigten,2020,Stadtarchiv,Expenditure,http://dbpedia.org/resource/Bonn,Stadtarchiv
16,35,2.08717188037634,5616.85,Archiv / Bibliothek,Stadtarchiv und Stadthistorische Bibliothek,Approved,Stadtarchiv,http://data.openbudgets.eu/codelist/currency/EUR,Beitr. Z. gesetzl.SV f. tarifl. Beschäf.,2020,Stadtarchiv,Expenditure,http://dbpedia.org/resource/Bonn,Stadtarchiv
17,47,2.05150367222935,28000,Archiv / Bibliothek,Stadtarchiv und Stadthistorische Bibliothek,Approved,Stadtarchiv,http://data.openbudgets.eu/codelist/currency/EUR,Vergütungen der tariflich Beschäftigten,2020,Stadtarchiv,Expenditure,http://dbpedia.org/resource/Bonn,Stadtarchiv
18,59,1.6653967861709,3827.36,Archiv / Öffentlichkeitsarbeit 1,Stadtarchiv und Stadthistorische Bibliothek,Approved,Stadtarchiv,http://data.openbudgets.eu/codelist/currency/EUR,Beitr. Versorg.kassen f. tarifl. Besch.,2020,Stadtarchiv,Expenditure,http://dbpedia.org/resource/Bonn,Stadtarchiv
19,0,1.46033486238843,3586.95,Beschaffung 3,Personal- und Organisationsamt,Approved,Amt für Organisation und IT,http://data.openbudgets.eu/codelist/currency/EUR,Beitr. Versorg.kassen f. tarifl. Besch.,2020,Zentrale Dienste,Expenditure,http://dbpedia.org/resource/Bonn,Zentrale Dienste
20,93,1.40235582860053,2679,GGS Erich-Kästner-Schule,Schulamt,Approved,Schulamt,http://data.openbudgets.eu/codelist/currency/EUR,Zuf. zu Pensionsrückst. f. Beamte,2021,Grundschulen,Expenditure,http://dbpedia.org/resource/Bonn,Grundschulen
21,99,1.31408742610205,2561.52,KGS Holzlar,Schulamt,Approved,Schulamt,http://data.openbudgets.eu/codelist/currency/EUR,Zuf. zu Pensionsrückst. f. Beamte,2020,Grundschulen,Expenditure,http://dbpedia.org/resource/Bonn,Grundschulen
22,82,1.30542758037966,2558.52,EGS Bodelschwingh-Schule,Schulamt,Approved,Schulamt,http://data.openbudgets.eu/codelist/currency/EUR,Zuf. zu Pensionsrückst. f. Beamte,2020,Grundschulen,Expenditure,http://dbpedia.org/resource/Bonn,Grundschulen
23,83,1.28607444702221,1920.72,GGS Brüser Berg,Schulamt,Approved,Schulamt,http://data.openbudgets.eu/codelist/currency/EUR,Zuf. zu Pensionsrückst. f. Beamte,2020,Grundschulen,Expenditure,http://dbpedia.org/resource/Bonn,Grundschulen
24,81,1.26629788687685,3252.72,KGS Bernhardschule,Schulamt,Approved,Schulamt,http://data.openbudgets.eu/codelist/currency/EUR,Zuf. zu Pensionsrückst. f. Beamte,2020,Grundschulen,Expenditure,http://dbpedia.org/resource/Bonn,Grundschulen
25,2,4.031018,25123.6,Amtsleitung und Sekretariat Amt 40,Schulamt,Approved,Schulamt,http://data.openbudgets.eu/codelist/currency/EUR,Beitr. Z. gesetzl.SV f. tarifl. Beschäf.,2019,PB03 SchultrĂ¤geraufgaben,Expenditure,http://dbpedia.org/resource/Bonn,Amt 40 TE-übergr.
26,65,1.55933453,277.29,Amtsleitung und Sekretariat Amt 40,Schulamt,Approved,Schulamt,http://data.openbudgets.eu/codelist/currency/EUR,Pauschalierte Lohnsteuer,2019,PB03 SchultrĂ¤geraufgaben,Expenditure,http://dbpedia.org/resource/Bonn,Amt 40 TE-übergr.
27,84,7.643255528,120,Mitarbeiter Ausstellungstechnik,Stadtmuseum,Approved,Stadtmuseum,http://data.openbudgets.eu/codelist/currency/EUR,Telekommunikationsleistungen,2019,Stadtmuseum,Expenditure,http://dbpedia.org/resource/Bonn,Stadtmuseum
28,72,116.268409372,17.6,Mitarbeiter Ausstellungstechnik,Stadtmuseum,Approved,Stadtmuseum,http://data.openbudgets.eu/codelist/currency/EUR,Pauschalierte Lohnsteuer,2019,Stadtmuseum,Expenditure,http://dbpedia.org/resource/Bonn,Stadtmuseum
29,90,104.062905636,16.34,Vorzimmer,Stadtmuseum,Approved,Stadtmuseum,http://data.openbudgets.eu/codelist/currency/EUR,Pauschalierte Lohnsteuer,2019,Stadtmuseum,Expenditure,http://dbpedia.org/resource/Bonn,Stadtmuseum
30,16,5.83846829655786,261.45,Wissenschaftlicher Mitarbeiter,Stadtmuseum,Approved,Stadtmuseum,http://data.openbudgets.eu/codelist/currency/EUR,Pauschalierte Lohnsteuer,2019,Stadtmuseum,Expenditure,http://dbpedia.org/resource/Bonn,Stadtmuseum
31,78,5.3728127536055,200,Mitarbeiter Ausstellungstechnik,Stadtmuseum,Approved,Stadtmuseum,http://data.openbudgets.eu/codelist/currency/EUR,Reisekosten,2019,Stadtmuseum,Expenditure,http://dbpedia.org/resource/Bonn,Stadtmuseum
32,3,4.18327580811789,2071.54,Verwaltung / Finanzen,Stadtmuseum,Approved,Stadtmuseum,http://data.openbudgets.eu/codelist/currency/EUR,Beitr. Versorg.kassen f. tarifl. Besch.,2021,Stadtmuseum,Expenditure,http://dbpedia.org/resource/Bonn,Stadtmuseum
33,59,285.853313831569,2994.36,Mitarbeiter Ausstellungstechnik,Stadtmuseum,Approved,Stadtmuseum,http://data.openbudgets.eu/codelist/currency/EUR,Beitr. Versorg.kassen f. tarifl. Besch.,2019,Stadtmuseum,Expenditure,http://dbpedia.org/resource/Bonn,Stadtmuseum
34,34,2.73149811440383,75142.6,Wissenschaftlicher Mitarbeiter,Stadtmuseum,Approved,Stadtmuseum,http://data.openbudgets.eu/codelist/currency/EUR,Vergütungen der tariflich Beschäftigten,2019,Stadtmuseum,Expenditure,http://dbpedia.org/resource/Bonn,Stadtmuseum
35,38,2.49275482952529,-15.48,Heinrich-Hertz-Berufskolleg,Schulamt,Approved,Schulamt,http://data.openbudgets.eu/codelist/currency/EUR,Erstattungen von privaten Unternehmen,2019,Berufskollegs,Revenue,http://dbpedia.org/resource/Bonn,Berufskollegs
36,33,2.40705657259643,-6.72,Bertolt-Brecht-Gesamtschule,Schulamt,Approved,Schulamt,http://data.openbudgets.eu/codelist/currency/EUR,Erstattungen von privaten Unternehmen,2019,Gesamtschulen,Revenue,http://dbpedia.org/resource/Bonn,Gesamtschulen
37,39,2.36792513544134,-13.8,Ludwig-Erhard-Berufskolleg,Schulamt,Approved,Schulamt,http://data.openbudgets.eu/codelist/currency/EUR,Erstattungen von privaten Unternehmen,2019,Berufskollegs,Revenue,http://dbpedia.org/resource/Bonn,Berufskollegs
38,36,2.36755571543587,-6.6,Gesamtschule Bonn-Beuel,Schulamt,Approved,Schulamt,http://data.openbudgets.eu/codelist/currency/EUR,Erstattungen von privaten Unternehmen,2019,Gesamtschulen,Revenue,http://dbpedia.org/resource/Bonn,Gesamtschulen
39,37,2.30551028839936,-12.96,Friedrich-List-Berufskolleg,Schulamt,Approved,Schulamt,http://data.openbudgets.eu/codelist/currency/EUR,Erstattungen von privaten Unternehmen,2019,Berufskollegs,Revenue,http://dbpedia.org/resource/Bonn,Berufskollegs
40,35,2.20955228679367,-6.12,Elisabeth-Selbert-Gesamtschule,Schulamt,Approved,Schulamt,http://data.openbudgets.eu/codelist/currency/EUR,Erstattungen von privaten Unternehmen,2019,Gesamtschulen,Revenue,http://dbpedia.org/resource/Bonn,Gesamtschulen
41,53,2.20770763979073,38636.5,Mitarbeiter Ausstellungstechnik,Stadtmuseum,Approved,Stadtmuseum,http://data.openbudgets.eu/codelist/currency/EUR,Vergütungen der tariflich Beschäftigten,2019,Stadtmuseum,Expenditure,http://dbpedia.org/resource/Bonn,Stadtmuseum
42,41,2.20742981447626,-11.64,Robert-Wetzlar-Berufskolleg,Schulamt,Approved,Schulamt,http://data.openbudgets.eu/codelist/currency/EUR,Erstattungen von privaten Unternehmen,2019,Berufskollegs,Revenue,http://dbpedia.org/resource/Bonn,Berufskollegs
43,25,2.09104971531201,-5.76,Friedrich-Ebert-Gymnasium,Schulamt,Approved,Schulamt,http://data.openbudgets.eu/codelist/currency/EUR,Erstattungen von privaten Unternehmen,2019,Gymnasien,Revenue,http://dbpedia.org/resource/Bonn,Gymnasien
44,47,1.98056929300475,26773,Verwaltung / Finanzen,Stadtmuseum,Approved,Stadtmuseum,http://data.openbudgets.eu/codelist/currency/EUR,Vergütungen der tariflich Beschäftigten,2021,Stadtmuseum,Expenditure,http://dbpedia.org/resource/Bonn,Stadtmuseum
45,22,1.87944129796168,13237.5,Wissenschaftlicher Mitarbeiter,Stadtmuseum,Approved,Stadtmuseum,http://data.openbudgets.eu/codelist/currency/EUR,Beitr. Z. gesetzl.SV f. tarifl. Beschäf.,2019,Stadtmuseum,Expenditure,http://dbpedia.org/resource/Bonn,Stadtmuseum
46,0,1.81170296922387,41967.9,Beschaffung 2,Personal- und Organisationsamt,Approved,Amt für Organisation und IT,http://data.openbudgets.eu/codelist/currency/EUR,Bezüge der Beamten,2019,Zentrale Dienste,Expenditure,http://dbpedia.org/resource/Bonn,Zentrale Dienste
47,8,1.68877549382915,0,"""Abendrealschule",Schulamt,Approved,Schulamt,http://data.openbudgets.eu/codelist/currency/EUR,Erstattungen von privaten Unternehmen,2019,Realschulen,Revenue,http://dbpedia.org/resource/Bonn,Realschulen
48,2,176.31365676,-45499.9,40-33 OGS-Büro,Schulamt,Approved,Schulamt,http://data.openbudgets.eu/codelist/currency/EUR,Vergütungen der tariflich Beschäftigten,2018,PB03 SchultrĂ¤geraufgaben,Expenditure,http://dbpedia.org/resource/Bonn,Amt 40 TE-übergr.
49,65,149.301518336,-3561.87,40-33 OGS-Büro,Schulamt,Approved,Schulamt,http://data.openbudgets.eu/codelist/currency/EUR,Beitr. Versorg.kassen f. tarifl. Besch.,2018,PB03 SchultrĂ¤geraufgaben,Expenditure,http://dbpedia.org/resource/Bonn,Amt 40 TE-übergr.
50,1,52.56781414633,103.1,Endgerätebetreuung,IT-Betrieb,Approved,IT-Betrieb,http://data.openbudgets.eu/codelist/currency/EUR,AfA Betriebs- und Geschäftsausstattung,2018,IT-Betrieb,Expenditure,http://dbpedia.org/resource/Bonn,IT-Betrieb
51,26,13.42614661861,104.88,Paul-Martini-Schule,Schulamt,Approved,Schulamt,http://data.openbudgets.eu/codelist/currency/EUR,Beih./Unterstützungsl. für Versorg.empf.,2018,FĂśrderschulen,Expenditure,http://dbpedia.org/resource/Bonn,Förderschulen
52,20,13.41692823088,114,Derletalschule,Schulamt,Approved,Schulamt,http://data.openbudgets.eu/codelist/currency/EUR,Beih./Unterstützungsl. für Versorg.empf.,2018,FĂśrderschulen,Expenditure,http://dbpedia.org/resource/Bonn,Förderschulen
53,96,27.242609319515,0.00488281,Behindertenangelegenheiten SG-Leitung,Amt für Soziales und Wohnen,Approved,Amt für Soziales und Wohnen,http://data.openbudgets.eu/codelist/currency/EUR,Bezüge der Beamten,2018,ProduktbereichsĂźbergreifend,Expenditure,http://dbpedia.org/resource/Bonn,Amt 50 PB-übergr.
54,84,24.4143927604733,0.00390625,SG Behindertenangel. allg. Mitarbeit,Amt für Soziales und Wohnen,Approved,Amt für Soziales und Wohnen,http://data.openbudgets.eu/codelist/currency/EUR,Bezüge der Beamten,2018,ProduktbereichsĂźbergreifend,Expenditure,http://dbpedia.org/resource/Bonn,Amt 50 PB-übergr.
55,66,23.0002700004466,0.00292969,Einglieder.Spätaussiedl. Ausgleichsabgab,Amt für Soziales und Wohnen,Approved,Amt für Soziales und Wohnen,http://data.openbudgets.eu/codelist/currency/EUR,Bezüge der Beamten,2018,ProduktbereichsĂźbergreifend,Expenditure,http://dbpedia.org/resource/Bonn,Amt 50 PB-übergr.
56,0,530.381984011953,0.00195312,n.a.,Personal- und Organisationsamt,Approved,Amt für Organisation und IT,http://data.openbudgets.eu/codelist/currency/EUR,Bezüge der Beamten,2021,PB01 Innere Verwaltung,Expenditure,http://dbpedia.org/resource/Bonn,Amt 10 TE-übergr.
57,40,4.8321602853919,0,"""40-13 SEP",Schulamt,Approved,Schulamt,http://data.openbudgets.eu/codelist/currency/EUR,Zuf. zu Pensionsrückst. f. Versorg.empf.,2018,PB03 SchultrĂ¤geraufgaben,Expenditure,http://dbpedia.org/resource/Bonn,Amt 40 TE-übergr.
58,52,2.8818444615447,1061.28,GGS Carl-Schurz-Schule,Schulamt,Approved,Schulamt,http://data.openbudgets.eu/codelist/currency/EUR,Zuf. zu Pensionsrückst. f. Versorg.empf.,2018,Grundschulen,Expenditure,http://dbpedia.org/resource/Bonn,Grundschulen
59,99,2.59444871783097,434.16,GGS Waldschule,Schulamt,Approved,Schulamt,http://data.openbudgets.eu/codelist/currency/EUR,Zuf. zu Pensionsrückst. f. Versorg.empf.,2018,Grundschulen,Expenditure,http://dbpedia.org/resource/Bonn,Grundschulen
60,24,2.59261042989425,373.2,Rheinschule,Schulamt,Approved,Schulamt,http://data.openbudgets.eu/codelist/currency/EUR,Beih./Unterstützungsl. für Versorg.empf.,2018,FĂśrderschulen,Expenditure,http://dbpedia.org/resource/Bonn,Förderschulen
61,33,2.57499426836353,3025.2,Heinrich-Hertz-Berufskolleg,Schulamt,Approved,Schulamt,http://data.openbudgets.eu/codelist/currency/EUR,Beih./Unterstützungsl. für Versorg.empf.,2018,Berufskollegs,Expenditure,http://dbpedia.org/resource/Bonn,Berufskollegs
62,77,2.55054325647362,1000.92,Grundschulverbund MarienschuleNordschule,Schulamt,Approved,Schulamt,http://data.openbudgets.eu/codelist/currency/EUR,Zuf. zu Pensionsrückst. f. Versorg.empf.,2018,Grundschulen,Expenditure,http://dbpedia.org/resource/Bonn,Grundschulen
63,35,2.46260535395583,2673.24,Ludwig-Erhard-Berufskolleg,Schulamt,Approved,Schulamt,http://data.openbudgets.eu/codelist/currency/EUR,Beih./Unterstützungsl. für Versorg.empf.,2018,Berufskollegs,Expenditure,http://dbpedia.org/resource/Bonn,Berufskollegs
64,79,475.451342865119,986.64,GGS Marktschule,Schulamt,Approved,Schulamt,http://data.openbudgets.eu/codelist/currency/EUR,Zuf. zu Pensionsrückst. f. Versorg.empf.,2018,Grundschulen,Expenditure,http://dbpedia.org/resource/Bonn,Grundschulen
65,32,2.41014697556369,2508.96,Friedrich-List-Berufskolleg,Schulamt,Approved,Schulamt,http://data.openbudgets.eu/codelist/currency/EUR,Beih./Unterstützungsl. für Versorg.empf.,2018,Berufskollegs,Expenditure,http://dbpedia.org/resource/Bonn,Berufskollegs
66,36,2.32117082170939,2230.32,Robert-Wetzlar-Berufskolleg,Schulamt,Approved,Schulamt,http://data.openbudgets.eu/codelist/currency/EUR,Beih./Unterstützungsl. für Versorg.empf.,2018,Berufskollegs,Expenditure,http://dbpedia.org/resource/Bonn,Berufskollegs
67,73,2.07681398297943,455.28,GGS Kreuzbergschule,Schulamt,Approved,Schulamt,http://data.openbudgets.eu/codelist/currency/EUR,Zuf. zu Pensionsrückst. f. Versorg.empf.,2018,Grundschulen,Expenditure,http://dbpedia.org/resource/Bonn,Grundschulen
68,16,1.9128490715708,2979.46,Wohnberatung,Amt für Soziales und Wohnen,Approved,Amt für Soziales und Wohnen,http://data.openbudgets.eu/codelist/currency/EUR,Beitr. Versorg.kassen f. tarifl. Besch.,2021,Soziale Einrichtungen,Expenditure,http://dbpedia.org/resource/Bonn,Soz. Einrichtungen
69,29,1.83509829103129,1308.6,Bertolt-Brecht-Gesamtschule,Schulamt,Approved,Schulamt,http://data.openbudgets.eu/codelist/currency/EUR,Beih./Unterstützungsl. für Versorg.empf.,2018,Gesamtschulen,Expenditure,http://dbpedia.org/resource/Bonn,Gesamtschulen
70,46,1.80518720926899,851.16,KGS Bernhardschule,Schulamt,Approved,Schulamt,http://data.openbudgets.eu/codelist/currency/EUR,Zuf. zu Pensionsrückst. f. Versorg.empf.,2018,Grundschulen,Expenditure,http://dbpedia.org/resource/Bonn,Grundschulen
71,31,1.75920703126994,1279.56,Gesamtschule Bonn-Beuel,Schulamt,Approved,Schulamt,http://data.openbudgets.eu/codelist/currency/EUR,Beih./Unterstützungsl. für Versorg.empf.,2018,Gesamtschulen,Expenditure,http://dbpedia.org/resource/Bonn,Gesamtschulen
72,30,1.68015767778225,1227.84,Elisabeth-Selbert-Gesamtschule,Schulamt,Approved,Schulamt,http://data.openbudgets.eu/codelist/currency/EUR,Beih./Unterstützungsl. für Versorg.empf.,2018,Gesamtschulen,Expenditure,http://dbpedia.org/resource/Bonn,Gesamtschulen
73,97,339.686584990065,453.86,Grundschulverbund MarienschuleNordschule,Schulamt,Approved,Schulamt,http://data.openbudgets.eu/codelist/currency/EUR,Pauschalierte Lohnsteuer,2017,Grundschulen,Expenditure,http://dbpedia.org/resource/Bonn,Grundschulen
74,17,163.36944688281,191.16,GGS Jahnschule,Schulamt,Approved,Schulamt,http://data.openbudgets.eu/codelist/currency/EUR,Pauschalierte Lohnsteuer,2017,Grundschulen,Expenditure,http://dbpedia.org/resource/Bonn,Grundschulen
75,20,128.316038048375,142.2,GGS Karlschule,Schulamt,Approved,Schulamt,http://data.openbudgets.eu/codelist/currency/EUR,Pauschalierte Lohnsteuer,2017,Grundschulen,Expenditure,http://dbpedia.org/resource/Bonn,Grundschulen
76,18,8.44749843222133,306.72,Anteilstelle,Schulamt,Approved,Schulamt,http://data.openbudgets.eu/codelist/currency/EUR,Pauschalierte Lohnsteuer,2017,PB03 SchultrĂ¤geraufgaben,Expenditure,http://dbpedia.org/resource/Bonn,Amt 40 TE-übergr.
77,0,7.59447768750493,40667,40-32 Medienzentrum,Schulamt,Approved,Schulamt,http://data.openbudgets.eu/codelist/currency/EUR,Vergütungen der tariflich Beschäftigten,2017,PB03 SchultrĂ¤geraufgaben,Expenditure,http://dbpedia.org/resource/Bonn,Amt 40 TE-übergr.
78,98,7.30681169978545,1086.38,Anteilstelle,Schulamt,Approved,Schulamt,http://data.openbudgets.eu/codelist/currency/EUR,Pauschalierte Lohnsteuer,2017,PB03 SchultrĂ¤geraufgaben,Expenditure,http://dbpedia.org/resource/Bonn,Amt 40 TE-übergr.
79,87,5.15659325469906,57980,40-32 Medienzentrum,Schulamt,Approved,Schulamt,http://data.openbudgets.eu/codelist/currency/EUR,Bezüge der Beamten,2017,PB03 SchultrĂ¤geraufgaben,Expenditure,http://dbpedia.org/resource/Bonn,Amt 40 TE-übergr.
80,85,2.68634009616799,104534,Grundschulverbund MarienschuleNordschule,Schulamt,Approved,Schulamt,http://data.openbudgets.eu/codelist/currency/EUR,Vergütungen der tariflich Beschäftigten,2021,Grundschulen,Expenditure,http://dbpedia.org/resource/Bonn,Grundschulen
81,64,367.558048331027,91831.5,Friedrich-List-Berufskolleg,Schulamt,Approved,Schulamt,http://data.openbudgets.eu/codelist/currency/EUR,Beitr. Z. gesetzl.SV f. tarifl. Beschäf.,2017,Berufskollegs,Expenditure,http://dbpedia.org/resource/Bonn,Berufskollegs
82,91,402.442337140536,20973.9,Grundschulverbund MarienschuleNordschule,Schulamt,Approved,Schulamt,http://data.openbudgets.eu/codelist/currency/EUR,Beitr. Z. gesetzl.SV f. tarifl. Beschäf.,2017,Grundschulen,Expenditure,http://dbpedia.org/resource/Bonn,Grundschulen
83,86,2.3592726062928,196683,Anteilstelle,Schulamt,Approved,Schulamt,http://data.openbudgets.eu/codelist/currency/EUR,Vergütungen der tariflich Beschäftigten,2017,PB03 SchultrĂ¤geraufgaben,Expenditure,http://dbpedia.org/resource/Bonn,Amt 40 TE-übergr.
84,94,1.93196381454957,92.1,Anteilstelle,Schulamt,Approved,Schulamt,http://data.openbudgets.eu/codelist/currency/EUR,Beihilfen,2017,PB03 SchultrĂ¤geraufgaben,Expenditure,http://dbpedia.org/resource/Bonn,Amt 40 TE-übergr.
85,93,1.9057181193657,2527.52,Grundschulverbund MarienschuleNordschule,Schulamt,Approved,Schulamt,http://data.openbudgets.eu/codelist/currency/EUR,Beihilfen,2017,Grundschulen,Expenditure,http://dbpedia.org/resource/Bonn,Grundschulen
86,83,1.82602630673512,134168,Anteilstelle,Schulamt,Approved,Schulamt,http://data.openbudgets.eu/codelist/currency/EUR,Vergütungen der tariflich Beschäftigten,2017,PB03 SchultrĂ¤geraufgaben,Expenditure,http://dbpedia.org/resource/Bonn,Amt 40 TE-übergr.
87,52,1.81727934036484,132272,Anteilstelle,Schulamt,Approved,Schulamt,http://data.openbudgets.eu/codelist/currency/EUR,Vergütungen der tariflich Beschäftigten,2017,PB03 SchultrĂ¤geraufgaben,Expenditure,http://dbpedia.org/resource/Bonn,Amt 40 TE-übergr.
88,3,1.72601927115038,205379,Anteilstelle,Schulamt,Approved,Schulamt,http://data.openbudgets.eu/codelist/currency/EUR,Vergütungen der tariflich Beschäftigten,2017,PB03 SchultrĂ¤geraufgaben,Expenditure,http://dbpedia.org/resource/Bonn,Amt 40 TE-übergr.
89,35,1.60014453191559,140756,Anteilstelle,Schulamt,Approved,Schulamt,http://data.openbudgets.eu/codelist/currency/EUR,Vergütungen der tariflich Beschäftigten,2017,PB03 SchultrĂ¤geraufgaben,Expenditure,http://dbpedia.org/resource/Bonn,Amt 40 TE-übergr.
90,4,1.53811605778756,5836.4,GGS Jahnschule,Schulamt,Approved,Schulamt,http://data.openbudgets.eu/codelist/currency/EUR,Beitr. Versorg.kassen f. tarifl. Besch.,2017,Grundschulen,Expenditure,http://dbpedia.org/resource/Bonn,Grundschulen
91,90,1.46336426067104,20635.8,Anteilstelle,Schulamt,Approved,Schulamt,http://data.openbudgets.eu/codelist/currency/EUR,Beitr. Versorg.kassen f. tarifl. Besch.,2017,PB03 SchultrĂ¤geraufgaben,Expenditure,http://dbpedia.org/resource/Bonn,Amt 40 TE-übergr.
92,49,1.45219394182186,10257,Anteilstelle,Schulamt,Approved,Schulamt,http://data.openbudgets.eu/codelist/currency/EUR,Beitr. Versorg.kassen f. tarifl. Besch.,2021,PB03 SchultrĂ¤geraufgaben,Expenditure,http://dbpedia.org/resource/Bonn,Amt 40 TE-übergr.
93,80,1.43073765970065,10404.2,Anteilstelle,Schulamt,Approved,Schulamt,http://data.openbudgets.eu/codelist/currency/EUR,Beitr. Versorg.kassen f. tarifl. Besch.,2017,PB03 SchultrĂ¤geraufgaben,Expenditure,http://dbpedia.org/resource/Bonn,Amt 40 TE-übergr.
94,79,1.37910368844778,5500.7,KGS Burgschule,Schulamt,Approved,Schulamt,http://data.openbudgets.eu/codelist/currency/EUR,Beitr. Versorg.kassen f. tarifl. Besch.,2017,Grundschulen,Expenditure,http://dbpedia.org/resource/Bonn,Grundschulen
95,7,1.36258400698173,14993,GGS Jahnschule,Schulamt,Approved,Schulamt,http://data.openbudgets.eu/codelist/currency/EUR,Beitr. Z. gesetzl.SV f. tarifl. Beschäf.,2017,Grundschulen,Expenditure,http://dbpedia.org/resource/Bonn,Grundschulen
96,82,1.3316012298583,65798.9,KGS Burgschule,Schulamt,Approved,Schulamt,http://data.openbudgets.eu/codelist/currency/EUR,Vergütungen der tariflich Beschäftigten,2017,Grundschulen,Expenditure,http://dbpedia.org/resource/Bonn,Grundschulen
97,65,1.32536913683821,17328.5,Elisabeth-Selbert-Gesamtschule,Schulamt,Approved,Schulamt,http://data.openbudgets.eu/codelist/currency/EUR,Beitr. Versorg.kassen f. tarifl. Besch.,2017,Gesamtschulen,Expenditure,http://dbpedia.org/resource/Bonn,Gesamtschulen
98,98,1027.5742,45055.6,Sachkonto 531700,Sachkonto 531700,Approved,Sachkonto 531700,http://data.openbudgets.eu/codelist/currency/EUR,Sachkonto 531700,2020,Sachkonto 531700,Expenditure,http://dbpedia.org/resource/Bonn,Sachkonto 531700
98,98,401.2539,43596.2,Sachkonto 531700,Sachkonto 531700,Approved,Sachkonto 531700,http://data.openbudgets.eu/codelist/currency/EUR,Sachkonto 531700,2019,Sachkonto 531700,Expenditure,http://dbpedia.org/resource/Bonn,Sachkonto 531700
98,98,350.1398,44914.4,Sachkonto 531700,Sachkonto 531700,Approved,Sachkonto 531700,http://data.openbudgets.eu/codelist/currency/EUR,Sachkonto 531700,2018,Sachkonto 531700,Expenditure,http://dbpedia.org/resource/Bonn,Sachkonto 531700
98,98,453.9387,33191.7,Sachkonto 531700,Sachkonto 531700,Approved,Sachkonto 531700,http://data.openbudgets.eu/codelist/currency/EUR,Sachkonto 531700,2017,Sachkonto 531700,Expenditure,http://dbpedia.org/resource/Bonn,Sachkonto 531700
98,98,180.7433,29896.2,Sachkonto 531700,Sachkonto 531700,Approved,Sachkonto 531700,http://data.openbudgets.eu/codelist/currency/EUR,Sachkonto 531700,2021,Sachkonto 531700,Expenditure,http://dbpedia.org/resource/Bonn,Sachkonto 531700
